<?xml version="1.0" encoding="UTF-8"?>
<municipios>
                <municipio>Adamuz</municipio>
                <municipio>Aguilar de la Frontera</municipio>
                <municipio>Alcaracejos</municipio>
                <municipio>Almedinilla</municipio>
                <municipio>Almodóvar del Río</municipio>
                <municipio>Añora</municipio>
                <municipio>Baena</municipio>
                <municipio>Belalcázar</municipio>
                <municipio>Belmez</municipio>
                <municipio>Benamejí</municipio>
                <municipio>Blázquez, Los</municipio>
                <municipio>Bujalance</municipio>
                <municipio>Cabra</municipio>
                <municipio>Cañete de las Torres</municipio>
                <municipio>Carcabuey</municipio>
                <municipio>Cardeña</municipio>
                <municipio>Carlota, La</municipio>
                <municipio>Carpio, El</municipio>
                <municipio>Castro del Río</municipio>
                <municipio>Conquista</municipio>
                <municipio>Córdoba</municipio>
                <municipio>Doña Mencía</municipio>
                <municipio>Dos Torres</municipio>
                <municipio>Encinas Reales</municipio>
                <municipio>Espejo</municipio>
                <municipio>Espiel</municipio>
                <municipio>Fernán-Núñez</municipio>
                <municipio>Fuente la Lancha</municipio>
                <municipio>Fuente Obejuna</municipio>
                <municipio>Fuente Palmera</municipio>
                <municipio>Fuente-Tójar</municipio>
                <municipio>Granjuela, La</municipio>
                <municipio>Guadalcázar</municipio>
                <municipio>Guijo, El</municipio>
                <municipio>Hinojosa del Duque</municipio>
                <municipio>Hornachuelos</municipio>
                <municipio>Iznájar</municipio>
                <municipio>Lucena</municipio>
                <municipio>Luque</municipio>
                <municipio>Montalbán de Córdoba</municipio>
                <municipio>Montemayor</municipio>
                <municipio>Montilla</municipio>
                <municipio>Montoro</municipio>
                <municipio>Monturque</municipio>
                <municipio>Moriles</municipio>
                <municipio>Nueva Carteya</municipio>
                <municipio>Obejo</municipio>
                <municipio>Palenciana</municipio>
                <municipio>Palma del Río</municipio>
                <municipio>Pedro Abad</municipio>
                <municipio>Pedroche</municipio>
                <municipio>Peñarroya-Pueblonuevo</municipio>
                <municipio>Posadas</municipio>
                <municipio>Pozoblanco</municipio>
                <municipio>Priego de Córdoba</municipio>
                <municipio>Puente Genil</municipio>
                <municipio>Rambla, La</municipio>
                <municipio>Rute</municipio>
                <municipio>San Sebastián de los Ballesteros</municipio>
                <municipio>Santa Eufemia</municipio>
                <municipio>Santaella</municipio>
                <municipio>Torrecampo</municipio>
                <municipio>Valenzuela</municipio>
                <municipio>Valsequillo</municipio>
                <municipio>Victoria, La</municipio>
                <municipio>Villa del Río</municipio>
                <municipio>Villafranca de Córdoba</municipio>
                <municipio>Villaharta</municipio>
                <municipio>Villanueva de Córdoba</municipio>
                <municipio>Villanueva del Duque</municipio>
                <municipio>Villanueva del Rey</municipio>
                <municipio>Villaralto</municipio>
                <municipio>Villaviciosa de Córdoba</municipio>
                <municipio>Viso, El</municipio>
                <municipio>Zuheros</municipio>
</municipios>